# MAC OUI prefix table — format: PREFIX;Vendor
# Sorted lexicographically by prefix (required for binary search).
# Regenerate the full table from https://standards-oui.ieee.org with:
#   curl -s https://standards-oui.ieee.org/oui/oui.csv | \
#     awk -F',' 'NR>1 {mac=toupper($2); gsub(/[-]/,"",mac); \
#     printf "%s:%s:%s;%s\n", substr(mac,1,2), substr(mac,3,2), substr(mac,5,2), $1}' | \
#     sort -u > app/src/main/assets/oui.csv
00:00:0C;Cisco Systems, Inc
00:00:0E;FUJITSU LIMITED
00:00:1C;Cisco Systems, Inc
00:00:21;SCM Microsystems, Inc
00:00:24;Compaq Information Systems Group, L.P.
00:00:2F;Marconi Communications, Inc
00:00:50;Nokia
00:00:62;Hewlett Packard
00:00:64;Marconi Communications, Inc
00:00:6B;Cisco Systems, Inc
00:00:77;Cisco Systems, Inc
00:00:84;Supernet Inc.
00:00:86;Megahertz Corporation
00:00:87;Hitachi, Ltd.
00:00:89;Cabletron Systems, Inc.
00:00:93;Cognex Corporation
00:00:9B;3COM CORPORATION
00:00:A2;Broadband Technologies, Ltd.
00:00:A3;Network Applications Technology
00:00:A7;Network Computing Technologies, Inc.
00:00:AA;Xerox Corporation
00:00:B1;Alpha Micro
00:00:B3;INTEL CORPORATION
00:00:C0;Western Digital Corporation
00:00:C5;ARRIS Group, Inc.
00:00:C6;Hewlett Packard
00:00:E8;Accton Technology Corp.
00:00:F0;Samsung Electronics Co.,Ltd
00:00:F4;Allied Telesis, Inc.
00:00:F5;BANYAN NETWORKS PVT LTD
00:00:F7;Gateway, Inc.
00:01:02;3COM CORPORATION
00:01:03;3COM CORPORATION
00:01:42;Cisco Systems, Inc
00:01:63;Cisco Systems, Inc
00:01:64;Cisco Systems, Inc
00:01:96;Cisco Systems, Inc
00:01:97;Cisco Systems, Inc
00:01:C7;Cisco Systems, Inc
00:01:C9;Cisco Systems, Inc
00:02:16;Cisco Systems, Inc
00:02:1A;Cisco Systems, Inc
00:02:2D;Cisco Systems, Inc
00:02:3E;Cisco Systems, Inc
00:02:4A;Cisco Systems, Inc
00:02:7D;Intel Corporation
00:02:B3;Intel Corporation
00:03:2A;Cisco Systems, Inc
00:03:31;Cisco Systems, Inc
00:03:47;Intel Corporation
00:03:9F;3COM CORPORATION
00:04:23;Cisco Systems, Inc
00:04:25;Cisco Systems, Inc
00:04:27;Cisco Systems, Inc
00:04:5A;Cisco Systems, Inc
00:04:61;Apple, Inc.
00:04:96;Broadcom Corporation
00:04:AC;Cisco Systems, Inc
00:04:DD;Cisco Systems, Inc
00:05:5D;Intel Corporation
00:05:9A;Cisco Systems, Inc
00:05:9D;Cisco Systems, Inc
00:05:A0;Samsung Electronics Co.,Ltd
00:05:B9;Cisco Systems, Inc
00:05:DC;Cisco Systems, Inc
00:06:25;Cisco Systems, Inc
00:06:28;Cisco Systems, Inc
00:06:52;Cisco Systems, Inc
00:06:76;Cisco Systems, Inc
00:07:0D;Cisco Systems, Inc
00:07:EB;Intel Corporation
00:08:02;Cisco Systems, Inc
00:08:2D;Cisco Systems, Inc
00:08:74;Intel Corporation
00:08:A1;Cisco Systems, Inc
00:08:C7;Cisco Systems, Inc
00:09:12;Cisco Systems, Inc
00:09:1B;Cisco Systems, Inc
00:09:43;Cisco Systems, Inc
00:09:7C;Cisco Systems, Inc
00:09:B6;The Boeing Company
00:09:E8;Cisco Systems, Inc
00:0A:27;Apple, Inc.
00:0A:41;Cisco Systems, Inc
00:0A:57;ASUSTek COMPUTER INC.
00:0A:8A;Cisco Systems, Inc
00:0A:B0;Intel Corporation
00:0A:DC;Cisco Systems, Inc
00:0A:F3;Cisco Systems, Inc
00:0B:60;NEC Platforms, Ltd
00:0B:BE;Cisco Systems, Inc
00:0B:BF;Cisco Systems, Inc
00:0B:DB;Intel Corporation
00:0C:41;Cisco Systems, Inc
00:0C:46;Netgear
00:0C:85;Apple, Inc.
00:0C:86;Cisco Systems, Inc
00:0C:E7;Intel Corporation
00:0C:F1;Cisco Systems, Inc
00:0D:0B;Panasonic Corporation
00:0D:28;ASUSTek COMPUTER INC.
00:0D:3A;Cisco Systems, Inc
00:0D:64;Cisco Systems, Inc
00:0D:88;D-Link Corporation
00:0D:93;Apple, Inc.
00:0D:BC;Cisco Systems, Inc
00:0E:0E;Fujitsu Siemens Computers
00:0E:35;Intel Corporation
00:0E:38;Cisco Systems, Inc
00:0E:8F;Cisco Systems, Inc
00:0E:E5;Cisco Systems, Inc
00:0E:EF;Intersil Americas, Inc.
00:0F:34;Intel Corporation
00:0F:66;Cisco Systems, Inc
00:0F:8F;Cisco Systems, Inc
00:0F:B5;Netgear
00:10:0B;Cisco Systems, Inc
00:10:0F;Cisco Systems, Inc
00:10:11;Cisco Systems, Inc
00:10:1F;Cisco Systems, Inc
00:10:29;Cisco Systems, Inc
00:10:4B;Cisco Systems, Inc
00:10:54;Hewlett Packard
00:10:7B;Cisco Systems, Inc
00:10:7D;Cisco Systems, Inc
00:10:8F;Cisco Systems, Inc
00:10:A6;Nortel Networks
00:10:B5;Cisco Systems, Inc
00:10:BD;Cisco Systems, Inc
00:10:EF;Cisco Systems, Inc
00:10:F6;Cisco Systems, Inc
00:11:0B;Cisco Systems, Inc
00:11:11;Cisco Systems, Inc
00:11:21;Cisco Systems, Inc
00:11:24;Cisco Systems, Inc
00:11:25;Cisco Systems, Inc
00:11:5B;Nokia
00:11:6B;Cisco Systems, Inc
00:11:85;Cisco Systems, Inc
00:11:92;Cisco Systems, Inc
00:11:BB;Cisco Systems, Inc
00:12:17;Cisco Systems, Inc
00:12:44;Cisco Systems, Inc
00:12:7F;Cisco Systems, Inc
00:12:8A;Cisco Systems, Inc
00:12:D4;Cisco Systems, Inc
00:13:0F;Cisco Systems, Inc
00:13:11;Intel Corporation
00:13:19;Cisco Systems, Inc
00:13:20;Cisco Systems, Inc
00:13:5F;ASUSTek COMPUTER INC.
00:13:60;Cisco Systems, Inc
00:13:72;Cisco Systems, Inc
00:13:77;Cisco Systems, Inc
00:13:7F;Apple, Inc.
00:13:8B;Nokia
00:14:6C;Cisco Systems, Inc
00:14:BF;Cisco Systems, Inc
00:14:F8;Cisco Systems, Inc
00:15:2C;Cisco Systems, Inc
00:15:63;Cisco Systems, Inc
00:15:C6;Cisco Systems, Inc
00:15:F2;ASUSTek COMPUTER INC.
00:16:46;Cisco Systems, Inc
00:16:9F;Cisco Systems, Inc
00:16:B6;Cisco Systems, Inc
00:16:C7;Cisco Systems, Inc
00:16:CB;Apple, Inc.
00:17:0E;Cisco Systems, Inc
00:17:94;ASUSTek COMPUTER INC.
00:17:95;Cisco Systems, Inc
00:17:DF;Cisco Systems, Inc
00:17:F2;Apple, Inc.
00:18:0A;Meraki, Inc.
00:18:74;Cisco Systems, Inc
00:18:B6;Cisco Systems, Inc
00:18:F8;Cisco Systems, Inc
00:19:06;Cisco Systems, Inc
00:19:2F;Cisco Systems, Inc
00:19:56;Cisco Systems, Inc
00:19:99;Cisco Systems, Inc
00:19:B9;Cisco Systems, Inc
00:19:E3;Apple, Inc.
00:1A:11;Google, Inc.
00:1A:16;Cisco Systems, Inc
00:1A:2F;Cisco Systems, Inc
00:1A:A1;Cisco Systems, Inc
00:1B:0D;Cisco Systems, Inc
00:1B:0F;Cisco Systems, Inc
00:1B:54;Juniper Networks
00:1B:63;Apple, Inc.
00:1B:9A;Cisco Systems, Inc
00:1B:D4;Cisco Systems, Inc
00:1C:0E;Cisco Systems, Inc
00:1C:13;Cisco Systems, Inc
00:1C:58;Juniper Networks
00:1C:5A;Cisco Systems, Inc
00:1C:62;LG Electronics
00:1C:73;Cisco Systems, Inc
00:1C:B3;Apple, Inc.
00:1C:BE;Cisco Systems, Inc
00:1C:F9;Samsung Electronics Co.,Ltd
00:1D:45;Cisco Systems, Inc
00:1D:7D;Cisco Systems, Inc
00:1D:E5;Cisco Systems, Inc
00:1E:40;Cisco Systems, Inc
00:1E:67;Cisco Systems, Inc
00:1E:BD;Cisco Systems, Inc
00:1E:C2;Apple, Inc.
00:1E:E5;Cisco Systems, Inc
00:1F:29;Juniper Networks
00:1F:3D;Cisco Systems, Inc
00:1F:6C;Cisco Systems, Inc
00:1F:C9;Cisco Systems, Inc
00:20:00;Cisco Systems, Inc
00:20:6B;Cisco Systems, Inc
00:20:A6;Cisco Systems, Inc
00:20:BD;Cisco Systems, Inc
00:21:1B;Cisco Systems, Inc
00:21:29;Cisco Systems, Inc
00:21:41;Cisco Systems, Inc
00:21:55;Cisco Systems, Inc
00:21:6A;Cisco Systems, Inc
00:21:9B;Cisco Systems, Inc
00:21:A0;Cisco Systems, Inc
00:21:D1;Cisco Systems, Inc
00:21:E8;Apple, Inc.
00:21:E9;Apple, Inc.
00:21:FA;Apple, Inc.
00:22:41;Cisco Systems, Inc
00:22:55;D-Link Corporation
00:22:6B;Cisco Systems, Inc
00:22:91;Cisco Systems, Inc
00:22:BD;Cisco Systems, Inc
00:23:04;Cisco Systems, Inc
00:23:12;ASUSTek COMPUTER INC.
00:23:31;Cisco Systems, Inc
00:23:32;Apple, Inc.
00:23:33;Apple, Inc.
00:23:5D;Netgear
00:23:69;Cisco Systems, Inc
00:23:AB;Cisco Systems, Inc
00:23:AE;Cisco Systems, Inc
00:23:BE;Apple, Inc.
00:23:C8;Cisco Systems, Inc
00:23:CD;Cisco Systems, Inc
00:23:DF;Apple, Inc.
00:23:E3;Cisco Systems, Inc
00:23:E7;Cisco Systems, Inc
00:24:01;Cisco Systems, Inc
00:24:13;ASUSTek COMPUTER INC.
00:24:36;Cisco Systems, Inc
00:24:59;Cisco Systems, Inc
00:24:83;LG Electronics
00:24:97;Cisco Systems, Inc
00:24:A5;Nokia
00:24:B6;Cisco Systems, Inc
00:24:C3;Cisco Systems, Inc
00:24:D2;Apple, Inc.
00:24:E3;Cisco Systems, Inc
00:25:00;Apple, Inc.
00:25:45;Cisco Systems, Inc
00:25:4B;Apple, Inc.
00:25:83;ASUSTek COMPUTER INC.
00:25:8E;Netgear
00:25:9C;Cisco Systems, Inc
00:25:A7;Cisco Systems, Inc
00:25:B4;Cisco Systems, Inc
00:25:BB;Cisco Systems, Inc
00:25:F5;D-Link Corporation
00:26:07;Cisco Systems, Inc
00:26:08;Apple, Inc.
00:26:0A;Cisco Systems, Inc
00:26:5A;Cisco Systems, Inc
00:26:5F;Cisco Systems, Inc
00:26:6B;Netgear
00:26:73;Cisco Systems, Inc
00:26:99;ARRIS Group, Inc.
00:26:AB;Cisco Systems, Inc
00:26:BB;Cisco Systems, Inc
00:26:CA;Cisco Systems, Inc
00:27:0D;Cisco Systems, Inc
00:27:10;Cisco Systems, Inc
00:27:19;Cisco Systems, Inc
00:27:1C;Cisco Systems, Inc
00:27:2C;Cisco Systems, Inc
00:27:6C;Cisco Systems, Inc
00:27:90;Cisco Systems, Inc
00:28:0F;Cisco Systems, Inc
00:29:19;Cisco Systems, Inc
00:2A:66;Cisco Systems, Inc
00:2C:54;Cisco Systems, Inc
00:2C:58;ARRIS Group, Inc.
00:2C:FA;Cisco Systems, Inc
00:30:1F;Cisco Systems, Inc
00:30:24;ASUSTek COMPUTER INC.
00:30:48;Dell Inc.
00:30:67;Cisco Systems, Inc
00:30:A3;Cisco Systems, Inc
00:30:F7;Cisco Systems, Inc
00:40:96;Cisco Systems, Inc
00:40:BC;Cisco Systems, Inc
00:40:D0;Cisco Systems, Inc
00:50:11;Cisco Systems, Inc
00:50:56;VMware, Inc.
00:50:67;Cisco Systems, Inc
00:50:73;Cisco Systems, Inc
00:50:A2;Cisco Systems, Inc
00:50:C2;Cisco Systems, Inc
00:50:D1;Netgear
00:50:F1;Cisco Systems, Inc
00:51:2D;Cisco Systems, Inc
00:52:18;Cisco Systems, Inc
00:54:45;Cisco Systems, Inc
00:54:9F;Cisco Systems, Inc
00:56:2B;Cisco Systems, Inc
00:57:1A;Cisco Systems, Inc
00:59:DC;Cisco Systems, Inc
00:5A:56;Cisco Systems, Inc
00:5C:69;Cisco Systems, Inc
00:60:1D;Cisco Systems, Inc
00:60:2E;Cisco Systems, Inc
00:60:38;Cisco Systems, Inc
00:60:47;Cisco Systems, Inc
00:60:5E;Cisco Systems, Inc
00:60:64;Cisco Systems, Inc
00:60:B0;Cisco Systems, Inc
00:60:C5;Juniper Networks
00:60:F3;Cisco Systems, Inc
00:60:FE;Cisco Systems, Inc
00:64:9E;Cisco Systems, Inc
00:64:A6;Cisco Systems, Inc
00:64:B0;Apple, Inc.
00:67:62;Cisco Systems, Inc
00:68:86;Cisco Systems, Inc
00:69:67;Apple, Inc.
00:6B:FB;Cisco Systems, Inc
00:70:0C;Cisco Systems, Inc
00:70:79;Cisco Systems, Inc
00:70:B3;Cisco Systems, Inc
00:71:C2;Cisco Systems, Inc
00:73:E0;Cisco Systems, Inc
00:78:88;Cisco Systems, Inc
00:80:77;Cisco Systems, Inc
00:80:E4;Cisco Systems, Inc
00:84:38;Cisco Systems, Inc
00:86:A0;Cisco Systems, Inc
00:87:64;Cisco Systems, Inc
00:88:65;Cisco Systems, Inc
00:88:C2;Cisco Systems, Inc
00:8C:54;Cisco Systems, Inc
00:8C:FA;Cisco Systems, Inc
00:90:0C;Cisco Systems, Inc
00:90:21;Juniper Networks
00:90:27;Juniper Networks
00:90:4C;Cisco Systems, Inc
00:90:A6;Cisco Systems, Inc
00:90:D8;Cisco Systems, Inc
00:90:F6;Cisco Systems, Inc
00:9A:CD;Hewlett Packard
00:9C:A8;Hewlett Packard
00:A0:B9;ASUSTek COMPUTER INC.
00:C0:4F;Dell Inc.
00:D0:59;Cisco Systems, Inc
00:D0:C0;Cisco Systems, Inc
00:D0:D3;Cisco Systems, Inc
00:E0:16;Dell Inc.
00:E0:18;ASUSTek COMPUTER INC.
00:E0:4C;Netgear
00:E0:63;Cisco Systems, Inc
00:E0:89;D-Link Corporation
00:E0:E7;Cisco Systems, Inc
00:E0:FC;Huawei Technologies Co.,Ltd
00:E1:8C;Cisco Systems, Inc
00:E6:4B;ASRock Incorporation
00:F6:20;Cisco Systems, Inc
04:0A:83;Alcatel Lucent
04:18:D6;Ubiquiti Networks Inc.
04:1E:64;Apple, Inc.
04:27:58;HUAWEI TECHNOLOGIES CO.,LTD
04:46:C6;Beijing Shuttlenet Technology Co., Ltd.
04:48:9A;Apple, Inc.
04:4B:ED;Apple, Inc.
04:52:C7;Apple, Inc.
04:54:53;Apple, Inc.
04:5D:4B;Apple, Inc.
04:69:F8;Apple, Inc.
04:7B:CB;Ubiquiti Networks Inc.
04:98:F3;Nokia
04:9F:81;Netgear
04:BA:8D;Samsung Electronics Co.,Ltd
04:C0:6F;Tigo Energy
04:D3:CF;Apple, Inc.
04:DB:56;Apple, Inc.
04:E5:36;Apple, Inc.
04:F0:21;Apple, Inc.
04:F1:3E;Apple, Inc.
04:F7:E4;Apple, Inc.
08:00:28;Texas Instruments
08:00:46;Sony Corporation
08:00:74;Casio Computer Co., Ltd.
08:00:86;Konica Minolta
08:00:87;Hitachi, Ltd.
08:15:AE;Samsung Electronics Co.,Ltd
08:17:35;Cisco Systems, Inc
08:18:4C;ASUSTek COMPUTER INC.
08:21:EF;ASUSTek COMPUTER INC.
08:27:CE;KONICA MINOLTA
08:2E:5D;Hewlett Packard
08:37:3D;Samsung Electronics Co.,Ltd
08:38:A5;Sony Corporation
08:4E:02;Hewlett Packard
08:60:6E;ASUSTek COMPUTER INC.
08:66:98;Apple, Inc.
08:6D:41;Apple, Inc.
08:70:45;Apple, Inc.
08:74:02;Apple, Inc.
08:76:FF;ASUSTek COMPUTER INC.
08:81:F4;ASUSTek COMPUTER INC.
08:8E:DF;Intel Corporate
08:90:96;D-Link Corporation
08:94:62;Apple, Inc.
08:96:D6;AVM GmbH
08:97:22;ASUSTek COMPUTER INC.
08:9B:8B;Nokia
08:9E:08;Google, Inc.
08:A1:83;ASUSTek COMPUTER INC.
08:A5:C8;Samsung Electronics Co.,Ltd
08:BA:5F;Samsung Electronics Co.,Ltd
08:BD:43;Netgear
08:D0:9F;Hewlett Packard
08:D2:74;Sichuan Tianyi Comtech Co., Ltd.
08:DF:58;SBC S.A.
08:EB:2D;Samsung Electronics Co.,Ltd
08:ED:ED;ZTE Technology
08:EE:C8;Samsung Electronics Co.,Ltd
08:EF:3B;Cisco Systems, Inc
08:F1:B3;Ubiquiti Networks Inc.
08:F4:AB;Samsung Electronics Co.,Ltd
0C:00:86;Cisco Systems, Inc
0C:0E:76;D-Link International
0C:11:67;Cisco Systems, Inc
0C:14:20;Samsung Electronics Co.,Ltd
0C:15:39;Apple, Inc.
0C:1D:AF;Ubiquiti Networks Inc.
0C:27:24;HUAWEI TECHNOLOGIES CO.,LTD
0C:2D:FA;Apple, Inc.
0C:30:21;Apple, Inc.
0C:37:96;Cisco Systems, Inc
0C:3E:9F;Hewlett Packard
0C:45:BA;HUAWEI TECHNOLOGIES CO.,LTD
0C:47:C9;Hitron Technologies.
0C:48:85;Luxshare Precision Industry Co.,Ltd
0C:4C:39;TP-LINK TECHNOLOGIES CO.,LTD.
0C:4D:E9;Apple, Inc.
0C:51:7A;Apple, Inc.
0C:54:A5;Nokia
0C:54:B5;Nokia
0C:60:0E;Hangzhou Hikvision Digital Technology Co.,Ltd.
0C:61:27;Netgear
0C:62:A6;Hui Zhou Gaoshengda Technology Co.,LTD
0C:67:43;Intel Corporate
0C:68:03;Samsung Electronics Co.,Ltd
0C:6A:6A;Cisco Systems, Inc
0C:71:5D;Samsung Electronics Co.,Ltd
0C:72:2C;TP-LINK TECHNOLOGIES CO.,LTD.
0C:73:EB;Intel Corporate
0C:74:C2;Apple, Inc.
0C:75:BD;Apple, Inc.
0C:77:1E;Intel Corporate
0C:81:26;Palo Alto Networks
0C:84:DC;Solidigm Technology
0C:89:10;Samsung Electronics Co.,Ltd
0C:8B:FD;Intel Corporate
0C:8C:38;Cisco Systems, Inc
0C:8D:DB;Samsung Electronics Co.,Ltd
0C:91:60;Hui Zhou Gaoshengda Technology Co.,LTD
0C:95:41;Apple, Inc.
0C:96:E6;Cisco Systems, Inc
0C:98:38;Cisco Systems, Inc
0C:9A:42;ASUSTek COMPUTER INC.
0C:9D:92;ASUSTek COMPUTER INC.
0C:A1:A7;Samsung Electronics Co.,Ltd
0C:A2:27;Shenzhen YOUHUA Technology Co., Ltd
0C:A6:94;ASUSTek COMPUTER INC.
0C:A8:2F;Samsung Electronics Co.,Ltd
0C:AE:1D;Tenda Technology Co.,Ltd.
0C:B2:B7;Zenlayer
0C:B3:19;Cisco Systems, Inc
0C:B4:EF;Shenzhen Wall-Street Technology Co., Ltd.
0C:B6:D2;ASUSTek COMPUTER INC.
0C:BD:51;Shenzhen TINNO Mobile Technology Corp.
0C:C4:7A;Huawei Device Co., Ltd.
0C:C4:7E;Hanwha Techwin Co.,Ltd.
0C:C6:55;Wuhan FunctionStar Co.,Ltd.
0C:D2:92;Intel Corporate
0C:D5:02;Cisco Systems, Inc
0C:D6:BD;ASUSTek COMPUTER INC.
0C:D9:96;Cisco Systems, Inc
0C:D9:C4;Gowod
0C:E0:45;zte corporation
0C:E4:41;Apple, Inc.
0C:E5:A3;iris GmbH
0C:E7:25;Apple, Inc.
0C:E8:17;Bizlink Technology Inc.
0C:EE:1A;Amazon Technologies Inc.
0C:EE:E6;Apple, Inc.
0C:EF:7C;Samsung Electronics Co.,Ltd
0C:F0:19;Allied Telesis Labs Ltd.
0C:F0:EE;Samsung Electronics Co.,Ltd
0C:F3:61;Amazon Technologies Inc.
0C:F4:D5;Apple, Inc.
0C:F5:A4;Cisco Systems, Inc
0C:FC:83;Apple, Inc.
10:08:B1;Samsung Electronics Co.,Ltd
10:0C:6B;NETGEAR
10:12:18;Intel Corporate
10:1B:54;Intel Corporate
10:1C:10;Apple, Inc.
10:27:F5;TP-LINK TECHNOLOGIES CO.,LTD.
10:2A:B3;Apple, Inc.
10:30:47;Apple, Inc.
10:35:9F;Sony Corporation
10:3D:0A;Hui Zhou Gaoshengda Technology Co.,LTD
10:40:F3;Apple, Inc.
10:41:7F;Apple, Inc.
10:44:00;Hewlett Packard
10:44:5A;HUAWEI TECHNOLOGIES CO.,LTD
10:46:B4;ASUSTek COMPUTER INC.
10:4E:07;SHENZHEN FUCHUAN ELECTRONICS CO.,LTD.
10:52:1C;Hewlett Packard
10:55:4B;Hewlett Packard
10:5F:06;Cisco Systems, Inc
10:60:4B;Hewlett Packard
10:63:C8;LG Electronics
10:64:9B;HANGZHOU HIKVISION DIGITAL TECHNOLOGY CO.,LTD.
10:66:82;Zhenjiang Nittele Technology Co., Ltd
10:68:3F;Intel Corporate
10:6E:DD;ASRock Incorporation
10:71:F9;HUAWEI TECHNOLOGIES CO.,LTD
10:77:1D;Samsung Electronics Co.,Ltd
10:77:B1;Apple, Inc.
10:78:5B;ASUSTek COMPUTER INC.
10:82:86;ASUSTek COMPUTER INC.
10:88:CE;Shenzhen Fike Technology Co.,Ltd
10:8C:CF;ASUSTek COMPUTER INC.
10:95:4B;ASUSTek COMPUTER INC.
10:9A:B9;Apple, Inc.
10:9E:29;Apple, Inc.
10:A4:B9;Samsung Electronics Co.,Ltd
10:BD:18;Apple, Inc.
10:C6:1F;Apple, Inc.
10:D5:42;Samsung Electronics Co.,Ltd
10:DD:B1;Apple, Inc.
14:02:C6;Hewlett Packard
14:07:08;Private
14:09:B4;Huawei Device Co., Ltd.
14:0D:4F;ASUSTek COMPUTER INC.
14:14:59;Samsung Electronics Co.,Ltd
14:16:9E;Apple, Inc.
14:17:2A;Hewlett Packard
14:18:77;Intel Corporate
14:19:73;Zhenjiang Dingxin Information Technology Co.,Ltd
14:1F:78;Samsung Electronics Co.,Ltd
14:22:3C;Nintendo Co.,Ltd
14:28:82;ELDIS Technologies s.r.o.
14:2D:27;Intel Corporate
14:35:8B;Samsung Electronics Co.,Ltd
14:37:3B;TP-LINK TECHNOLOGIES CO.,LTD.
14:3E:BF;Hangzhou Hikvision Digital Technology Co.,Ltd.
14:43:17;HUAWEI TECHNOLOGIES CO.,LTD
14:46:E4;HUAWEI TECHNOLOGIES CO.,LTD
14:49:78;Digimarc
14:4F:8A;Intel Corporate
14:51:50;Apple, Inc.
14:54:12;Elcat Oy
14:56:8E;Apple, Inc.
14:57:9F;Apple, Inc.
14:59:C0;ASUSTek COMPUTER INC.
14:5A:05;Apple, Inc.
14:6B:72;Shenzhen Fortune Ship Technology Co., Ltd.
14:6E:0A;Private
14:7D:DA;Apple, Inc.
14:82:5B;Apple, Inc.
14:88:E6;Apple, Inc.
14:89:FD;Xiaomi Communications Co Ltd
14:8F:22;Genexis B.V.
14:91:82;Belkin International Inc.
14:93:77;Private
14:98:77;Apple, Inc.
14:99:E2;Nokia
14:9A:10;Apple, Inc.
14:A3:64;HUAWEI TECHNOLOGIES CO.,LTD
14:A5:1A;HUAWEI TECHNOLOGIES CO.,LTD
14:A8:37;Huawei Device Co., Ltd.
14:AB:C2;Hewlett Packard
14:AB:F0;CLOUD NETWORK TECHNOLOGY SINGAPORE PTE. LTD.
14:AE:85;TP-LINK TECHNOLOGIES CO.,LTD.
14:B1:6D;Huawei Device Co., Ltd.
14:B4:84;Amazon Technologies Inc.
14:B9:68;Texas Instruments
14:C0:3E;Huawei Device Co., Ltd.
14:C1:26;Nokia
14:CC:20;TP-LINK TECHNOLOGIES CO.,LTD.
14:CF:92;TP-LINK TECHNOLOGIES CO.,LTD.
14:D6:4D;TP-LINK TECHNOLOGIES CO.,LTD.
14:D7:6E;CHONGQING FUGUI ELECTRONICS CO.,LTD.
14:DB:85;Suyin Corporation
14:DD:A9;ASUSTek COMPUTER INC.
14:EA:57;U-Blox AG
14:EB:B6;BSH Hausgeraete GmbH
14:EE:9D;Apple, Inc.
14:EF:A2;Shenzhen Ecsino Tecnical Co. Ltd
14:F4:2A;Apple, Inc.
18:00:3D;Apple, Inc.
18:10:4E;Apple, Inc.
18:11:B4;Schneider Electric USA
18:14:20;Apple, Inc.
18:14:4C;ZTE corporation
18:19:02;Samsung Electronics Co.,Ltd
18:1B:20;Samsung Electronics Co.,Ltd
18:1E:78;Apple, Inc.
18:20:32;Apple, Inc.
18:22:7E;ZTE corporation
18:26:49;Samsung Electronics Co.,Ltd
18:28:61;Hewlett Packard
18:2A:7B;Nintendo Co.,Ltd
18:2D:98;Intel Corporate
18:32:19;Apple, Inc.
18:34:51;Apple, Inc.
18:35:D1;Apple, Inc.
18:36:BB;Apple, Inc.
18:38:25;Shenzhen SuperElectron Technology Co.,Ltd.
18:38:8C;HUAWEI TECHNOLOGIES CO.,LTD
18:3A:2D;Samsung Electronics Co.,Ltd
18:3F:47;Universal Electronics, Inc.
18:42:2F;Private
18:44:E2;HUAWEI TECHNOLOGIES CO.,LTD
18:45:B3;Samsung Electronics Co.,Ltd
18:46:17;Samsung Electronics Co.,Ltd
18:48:D8;Fiberhome Telecommunication Technologies Co.,LTD
18:4F:32;Hon Hai Precision Ind. Co.,Ltd.
18:55:0F;Cisco Systems, Inc
18:56:80;Intel Corporate
18:59:36;Xiaomi Communications Co Ltd
18:5E:0F;Apple, Inc.
18:64:72;Google, Inc.
18:65:90;Apple, Inc.
18:66:DB;Samsung Electronics Co.,Ltd
18:67:51;KABUSHIKI KAISHA TOPCON
18:6C:B7;Samsung Electronics Co.,Ltd
18:6D:99;Apple, Inc.
18:7C:8E;Shanghai Feixun Communication Co.,Ltd.
18:7D:CD;Apple, Inc.
18:81:0E;Apple, Inc.
18:87:96;Intel Corporate
18:89:5B;Apple, Inc.
18:8B:15;Shenzhen SDMC Technology Co., Ltd.
18:8B:45;Cisco Systems, Inc
18:8E:D4;TP-LINK TECHNOLOGIES CO.,LTD.
18:90:D8;Samsung Electronics Co.,Ltd
18:93:7F;Texas Instruments
18:94:CC;Shenzhen SuperElectron Technology Co.,Ltd.
18:97:FF;Tecno Mobile Limited
18:A2:9E;Hon Hai Precision Ind. Co.,Ltd.
18:A4:5A;Nokia
18:A6:F7;TP-LINK TECHNOLOGIES CO.,LTD.
18:A9:05;Hewlett Packard
18:AB:F5;Private
18:B1:69;Hon Hai Precision Ind. Co.,Ltd.
18:B2:09;Xiaomi Communications Co Ltd
18:B4:30;Nest Labs Inc.
18:B7:9E;Ingram Micro Services
18:C0:44;Samsung Electronics Co.,Ltd
18:C4:51;Samsung Electronics Co.,Ltd
18:C5:02;Samsung Electronics Co.,Ltd
18:D2:7C;Shenzhen Hikerail Communication Co., Ltd.
18:D6:07;TP-LINK TECHNOLOGIES CO.,LTD.
18:D6:CF;Kunshan Erlab Ductless Filtration Co.,
18:E2:9D;Samsung Electronics Co.,Ltd
18:E7:F4;Apple, Inc.
18:E8:0F;Ubiquiti Networks Inc.
18:EA:2D;TP-LINK TECHNOLOGIES CO.,LTD.
18:EB:73;Cisco Systems, Inc
18:F1:45;Apple, Inc.
18:F2:92;Shenzhen TP-Link Technologies Co., Ltd.
18:FB:7B;Hewlett Packard
1C:0D:FB;Apple, Inc.
1C:11:61;GW Inc.
1C:12:B0;TOPWISDOM PTE. LTD. Taiwan Branch
1C:15:1F;HUAWEI TECHNOLOGIES CO.,LTD
1C:1A:B3;Beijing Xiaomi Mobile Software Co., Ltd
1C:1A:C0;Apple, Inc.
1C:1D:67;HUAWEI TECHNOLOGIES CO.,LTD
1C:1E:72;Apple, Inc.
1C:1E:E2;Shenzhen Tianying Technology Co.,Ltd.
1C:21:D1;Sony Interactive Entertainment Inc.
1C:23:2C;Shenzhen U Digi Technology Co.,Ltd
1C:24:CD;ASUSTek COMPUTER INC.
1C:35:B4;SHENZHEN LONGLIN ELECTRONICS CO., LTD.
1C:36:BB;Planex Communications Inc.
1C:39:47;Accuweather Group
1C:3E:84;HUAWEI TECHNOLOGIES CO.,LTD
1C:40:24;SHENZHEN GTMICRO TECHNOLOGY CO., LTD.
1C:43:EC;JVC KENWOOD Corp.
1C:48:40;Chiun Mai Communication System, Inc
1C:48:CE;Samsung Electronics Co.,Ltd
1C:4D:70;Intel Corporate
1C:52:16;Dongguan I-Chi Sheng Electronic Technology Co.,LTD
1C:55:3A;Qingdao Intelligent & Precise Electronics Co.,Ltd
1C:56:87;Samsung Electronics Co.,Ltd
1C:57:DC;Arcadyan Corporation
1C:5C:F3;GUANGDONG OPPO MOBILE TELECOMMUNICATIONS CORP.,LTD
1C:61:B4;TP-LINK TECHNOLOGIES CO.,LTD.
1C:62:B8;Samsung Electronics Co.,Ltd
1C:63:B7;Shenzhen SuperElectron Technology Co.,Ltd.
1C:65:9D;LG Electronics
1C:66:CA;Hon Hai Precision Ind. Co.,Ltd.
1C:67:53;Shenzhen Cudy Technology Co., Ltd.
1C:69:A9;BlackBerry RTS
1C:6F:32;Gemtek Technology Co., Ltd.
1C:70:C9;Samsung Electronics Co.,Ltd
1C:73:28;HUAWEI TECHNOLOGIES CO.,LTD
1C:74:9D;Apple, Inc.
1C:76:CA;Shenzhen TINNO Mobile Technology Corp.
1C:77:31;Huawei Device Co., Ltd.
1C:78:39;Huawei Device Co., Ltd.
1C:7C:CD;Apple, Inc.
1C:7D:42;Fiberhome Telecommunication Technologies Co.,LTD
1C:83:41;Samsung Electronics Co.,Ltd
1C:86:02;Apple, Inc.
1C:88:7F;Shenzhen Xunlong Software Co.,Limited
1C:94:92;Apple, Inc.
1C:95:5D;Shenzhen Ultralord Technology Co., Ltd
1C:97:BF;Hon Hai Precision Ind. Co.,Ltd.
1C:98:C9;Huawei Device Co., Ltd.
1C:99:D8;HUAWEI TECHNOLOGIES CO.,LTD
1C:9C:26;eero inc.
1C:9C:B8;ZTE corporation
1C:9D:62;Comtrend Corporation
1C:9D:C2;Apple, Inc.
1C:A0:B8;Hon Hai Precision Ind. Co.,Ltd.
1C:A4:0A;AMPAK Technology, Inc.
1C:A6:F4;Apple, Inc.
1C:AB:02;HUAWEI TECHNOLOGIES CO.,LTD
1C:B0:44;ASKEY COMPUTER CORP
1C:B7:2C;ASUSTek COMPUTER INC.
1C:C5:E3;Apple, Inc.
1C:C6:3C;Arcadyan Corporation
1C:C8:11;Shenzhen SuperElectron Technology Co.,Ltd.
1C:CD:E5;Samsung Electronics Co.,Ltd
1C:CF:4E;ASUSTek COMPUTER INC.
1C:D1:DA;Cisco Systems, Inc
1C:D6:BD;Apple, Inc.
1C:E2:D3;TUNGKONG CO., LTD
1C:E6:2C;Apple, Inc.
1C:E8:5D;Cisco Systems, Inc
1C:EA:1B;Nokia
1C:F0:11;Xiaomi Communications Co Ltd
1C:F2:9A;Google, Inc.
1C:F4:64;Cisco Systems, Inc
1C:F5:97;GUANGDONG OPPO MOBILE TELECOMMUNICATIONS CORP.,LTD
1C:FE:0B;Amazon Technologies Inc.
20:08:ED;Samsung Electronics Co.,Ltd
20:0B:C7;TP-LINK TECHNOLOGIES CO.,LTD.
20:0C:C8;Netgear
20:10:7A;Gemtek Technology Co., Ltd.
20:13:E0;Samsung Electronics Co.,Ltd
20:16:B9;Amazon Technologies Inc.
20:16:D8;Samsung Electronics Co.,Ltd
20:18:8D;Shenzhen Xunlong Software Co.,Limited
20:19:8E;GUANGDONG GENIUS TECHNOLOGY CO., LTD.
20:1A:66;Nokia
20:1D:3B;Samsung Electronics Co.,Ltd
20:26:81;Tenda Technology Co.,Ltd.
20:28:3E;HUAWEI TECHNOLOGIES CO.,LTD
20:2B:C1;Cisco Systems, Inc
20:32:C2;Samsung Electronics Co.,Ltd
20:34:77;Xiaomi Communications Co Ltd
20:37:06;Cisco Systems, Inc
20:39:56;ZTE corporation
20:3C:03;Fiberhome Telecommunication Technologies Co.,LTD
20:3D:B2;TP-LINK TECHNOLOGIES CO.,LTD.
20:3D:B8;HUAWEI TECHNOLOGIES CO.,LTD
20:41:81;Samsung Electronics Co.,Ltd
20:46:19;ASUSTek COMPUTER INC.
20:4E:7F;Juniper Networks
20:50:E7;Netgear
20:53:CA;Razer USA, Ltd
20:54:76;HUAWEI TECHNOLOGIES CO.,LTD
20:55:31;ASUSTek COMPUTER INC.
20:55:65;Nokia
20:5D:77;HUAWEI TECHNOLOGIES CO.,LTD
20:63:5F;ASUSTek COMPUTER INC.
20:64:DE;Samsung Electronics Co.,Ltd
20:6C:38;Intel Corporate
20:6D:31;Apple, Inc.
20:6E:5C;Amazon Technologies Inc.
20:72:EA;Apple, Inc.
20:78:F0;Apple, Inc.
20:79:18;Intel Corporate
20:7C:37;Razer USA, Ltd
20:89:84;TP-LINK TECHNOLOGIES CO.,LTD.
20:8B:37;Samsung Electronics Co.,Ltd
20:A0:63;ASUSTek COMPUTER INC.
20:A1:7B;Amazon Technologies Inc.
20:A6:80;Hewlett Packard
20:A6:CD;HUAWEI TECHNOLOGIES CO.,LTD
20:B3:99;Cisco Systems, Inc
20:B7:80;Intel Corporate
20:C9:D0;Apple, Inc.
20:CD:C2;Intel Corporate
20:CF:30;ASUSTek COMPUTER INC.
20:D3:90;Samsung Electronics Co.,Ltd
20:DC:E6;TP-LINK TECHNOLOGIES CO.,LTD.
20:DD:19;Hangzhou Hikvision Digital Technology Co.,Ltd.
20:DF:B9;Google, Inc.
20:E5:2A;Netgear
20:E7:B6;Hangzhou Hikvision Digital Technology Co.,Ltd.
20:F1:7C;Huawei Device Co., Ltd.
20:F6:6C;Netgear
20:F9:B7;Huawei Device Co., Ltd.
24:0A:C4;Espressif Inc.
24:0D:6B;Samsung Electronics Co.,Ltd
24:11:25;Shenzhen Huanuo Technology Co.,Ltd
24:11:45;Huawei Device Co., Ltd.
24:11:D0;Shenzhen Maxtang Industrial Co.,Ltd
24:1B:7A;Samsung Electronics Co.,Ltd
24:21:24;Shenzhen SuperElectron Technology Co.,Ltd.
24:24:0E;Binary Group, Inc
24:26:42;Shenzhen Procumex Technology Co., Ltd.
24:2E:02;HUAWEI TECHNOLOGIES CO.,LTD
24:30:F1;Shenzhen Hawk Vision Technology Co.,Ltd
24:33:00;Private
24:37:4C;TP-LINK TECHNOLOGIES CO.,LTD.
24:3E:5A;Intel Corporate
24:41:8C;Intel Corporate
24:44:AF;Hangzhou Hikvision Digital Technology Co.,Ltd.
24:45:6B;Huawei Device Co., Ltd.
24:4B:03;ASUSTek COMPUTER INC.
24:4B:81;Google, Inc.
24:4E:7D;Intel Corporate
24:53:99;Shenzhen Zowee Technology Co.,Ltd
24:58:7D;eero inc.
24:58:81;Raspberry Pi Trading Ltd
24:5B:83;Raspberry Pi Trading Ltd
24:5B:A7;Cisco Systems, Inc
24:5C:BF;TP-LINK TECHNOLOGIES CO.,LTD.
24:62:78;ESI Infrastructure Inc.
24:64:AB;Guangzhou Shiyuan Electronic Technology Co., Ltd.
24:69:45;ASUSTek COMPUTER INC.
24:6F:28;Espressif Inc.
24:71:89;Texas Instruments
24:77:03;Logic3 plc
24:79:2A;TP-LINK TECHNOLOGIES CO.,LTD.
24:7C:4C;Home Hi-Tech Co., Ltd.
24:7F:3C;HUAWEI TECHNOLOGIES CO.,LTD
24:81:3B;Amazon Technologies Inc.
24:83:02;SAMSUNG ELECTRO MECHANICS CO., LTD.
24:84:98;Nokia
24:85:29;Hewlett Packard
24:86:F4;Intel Corporate
24:87:07;Segurtek Ltda.
24:88:92;Shenzhen Lianfaxun Electronic Technology Co.,Ltd
24:95:04;SFR
24:9E:AB;Kaba Door Systems GmbH
24:A0:74;Apple, Inc.
24:A4:3C;ASUSTek COMPUTER INC.
24:A5:74;HUAWEI TECHNOLOGIES CO.,LTD
24:A6:98;Shenzhen SuperElectron Technology Co.,Ltd.
24:A7:84;Sichuan Tianyi Comtech Co., Ltd.
24:B0:A1;ASUSTek COMPUTER INC.
24:B6:57;Cisco Systems, Inc
24:B6:FD;Fiberhome Telecommunication Technologies Co.,LTD
24:C1:BD;Stealth Communications, Inc.
24:C6:96;Cisco Systems, Inc
24:C9:A1;Renesas Electronics Inc.
24:CF:E5;HUAWEI TECHNOLOGIES CO.,LTD
24:D0:6A;Shanghai XiaoMi Mobile Software Co., Ltd
24:D1:3F;MERCURY CORPORATION
24:D3:72;Guangzhou Shiyuan Electronic Technology Co., Ltd.
24:DB:84;Shenzhen Netcom Electronics Co.,Ltd
24:DF:24;Shenzhen TINNO Mobile Technology Corp.
24:EE:9A;Chongqing Fugui Electronics Co.,Ltd.
24:F1:28;TP-LINK TECHNOLOGIES CO.,LTD.
24:F2:79;Espressif Inc.
24:F5:AA;Samsung Electronics Co.,Ltd
28:02:44;Apple, Inc.
28:0B:5C;Shenzhen SuperElectron Technology Co.,Ltd.
28:0C:28;Shenzhen Qihu Intelligent Technology Company Limited
28:0D:FC;Ampak Technology, Inc.
28:10:7B;D-Link International
28:11:A5;NETGEAR
28:15:4D;Siemens AG
28:16:AD;Intel Corporate
28:16:FB;Amazon Technologies Inc.
28:17:DE;HUAWEI TECHNOLOGIES CO.,LTD
28:18:78;Microsoft
28:21:95;Samsung Electronics Co.,Ltd
28:22:46;Beijing Xiaomi Mobile Software Co., Ltd
28:26:A6;Pegatron Corporation
28:27:BF;HUAWEI TECHNOLOGIES CO.,LTD
28:29:2C;Samsung Electronics Co.,Ltd
28:2A:1E;Hon Hai Precision Ind. Co.,Ltd.
28:2C:B2;TP-LINK TECHNOLOGIES CO.,LTD.
28:2F:F9;Intel Corporate
28:30:39;Arcadyan Corporation
28:31:52;HUAWEI TECHNOLOGIES CO.,LTD
28:33:34;Shenzhen YOUHUA Technology Co., Ltd
28:34:14;Apple, Inc.
28:35:7C;Shenzhen ZhongXun Hua Wei Technology Co., Ltd
28:37:37;Apple, Inc.
28:39:5E;Samsung Electronics Co.,Ltd
28:3B:96;Cisco Systems, Inc
28:3C:E4;Huawei Device Co., Ltd.
28:40:CB;GUANGDONG OPPO MOBILE TELECOMMUNICATIONS CORP.,LTD
28:41:B2;Shenzhen Huanuo Technology Co.,Ltd
28:44:58;Genexis B.V.
28:48:47;Shenzhen Skyworth Wireless Technology Co.,Ltd
28:4D:93;LG Electronics
28:4F:CE;Guangzhou Shiyuan Electronic Technology Co., Ltd.
28:50:9E;Shenzhen SuperElectron Technology Co.,Ltd.
28:51:32;Shenzhen Skyworth Wireless Technology Co.,Ltd
28:52:61;Cisco Systems, Inc
28:52:E0;Beijing Xiaomi Mobile Software Co., Ltd
28:53:4E;Arcadyan Corporation
28:56:5A;Huawei Device Co., Ltd.
28:57:BE;Hangzhou Hikvision Digital Technology Co.,Ltd.
28:5F:DB;GUANGDONG OPPO MOBILE TELECOMMUNICATIONS CORP.,LTD
28:60:46;Artec Designs
28:63:36;Shenzhen Huanuo Technology Co.,Ltd
28:66:E3;Siemens AG
28:68:D2;HUAWEI TECHNOLOGIES CO.,LTD
28:6C:07;XIAOMI Electronics, Co.,Ltd.
28:6D:9F;Nokia
28:6D:CD;Sagemcom Broadband SAS
28:72:DD;Smart Innovation LLC
28:74:F5;Shenzhen SuperElectron Technology Co.,Ltd.
28:76:10;Fn-Link Technology Limited
28:7A:EE;HUAWEI TECHNOLOGIES CO.,LTD
28:80:23;Hewlett Packard
28:80:88;HUAWEI TECHNOLOGIES CO.,LTD
28:81:35;Apple, Inc.
28:84:FA;Shenzhen SuperElectron Technology Co.,Ltd.
28:85:2D;Apple, Inc.
28:87:97;Shenzhen SuperElectron Technology Co.,Ltd.
28:8A:1C;Juniper Networks
28:8E:1E;Shenzhen SDMC Technology Co., Ltd.
28:92:31;Hewlett Packard
28:93:FE;Sichuan Tianyi Comtech Co., Ltd.
28:94:0F;Cisco Systems, Inc
28:98:7B;Samsung Electronics Co.,Ltd
28:9A:F2;Shenzhen Skyworth Wireless Technology Co.,Ltd
28:9E:DF;TP-LINK TECHNOLOGIES CO.,LTD.
28:A0:2B;Apple, Inc.
28:A1:EB;TP-LINK TECHNOLOGIES CO.,LTD.
28:A5:74;Apple, Inc.
28:A6:DB;HUAWEI TECHNOLOGIES CO.,LTD
28:AC:9A;Cisco Systems, Inc
28:AF:09;Samsung Electronics Co.,Ltd
28:B5:34;Shenzhen SuperElectron Technology Co.,Ltd.
28:BE:03;Nintendo Co.,Ltd
28:C0:DA;Shenzhen SuperElectron Technology Co.,Ltd.
28:C1:02;Shenzhen Cloudcoo Technology Co.,Ltd
28:C5:69;Fiberhome Telecommunication Technologies Co.,LTD
28:C6:39;Xiaomi Communications Co Ltd
28:C6:8E;Espressif Inc.
28:CC:01;ASUSTek COMPUTER INC.
28:CD:1C;eero inc.
28:CD:C4;Samsung Electronics Co.,Ltd
28:CF:DA;Apple, Inc.
28:CF:E9;Apple, Inc.
28:D0:CB;Shenzhen Skyworth Wireless Technology Co.,Ltd
28:D1:27;Nokia
28:D1:8E;HUAWEI TECHNOLOGIES CO.,LTD
28:DC:D6;Shenzhen SuperElectron Technology Co.,Ltd.
28:DE:5A;Arcadyan Corporation
28:E0:2C;Apple, Inc.
28:E1:4C;Hangzhou Hikvision Digital Technology Co.,Ltd.
28:E3:1F;HUAWEI TECHNOLOGIES CO.,LTD
28:E6:A9;Vestel Elektronik San ve Tic. A.S.
28:E7:CF;Apple, Inc.
28:ED:6A;Apple, Inc.
28:EE:52;TP-LINK TECHNOLOGIES CO.,LTD.
28:EF:2B;Samsung Electronics Co.,Ltd
28:F0:76;Apple, Inc.
28:F1:0E;ASUSTek COMPUTER INC.
28:F5:37;TP-LINK TECHNOLOGIES CO.,LTD.
2C:01:0B;LS ELECTRIC Co., Ltd.
2C:02:23;Nokia
2C:0B:E4;Shenzhen SuperElectron Technology Co.,Ltd.
2C:0D:A7;Intel Corporate
2C:0E:3D;Samsung Electronics Co.,Ltd
2C:10:C5;Nintendo Co.,Ltd
2C:15:BF;Samsung Electronics Co.,Ltd
2C:16:BD;Apple, Inc.
2C:1F:23;Apple, Inc.
2C:21:31;Juniper Networks
2C:26:5F;Intel Corporate
2C:27:DD;Google, Inc.
2C:28:2D;Ruijie Networks Co., Ltd
2C:2B:4C;Huawei Device Co., Ltd.
2C:2D:48;bct electronic GmbH
2C:33:7A;Hon Hai Precision Ind. Co.,Ltd.
2C:35:16;Apple, Inc.
2C:36:F8;Cisco Systems, Inc
2C:37:31;Samsung Electronics Co.,Ltd
2C:3A:7D;Arcadyan Corporation
2C:3A:E8;Espressif Inc.
2C:3E:CF;Google, Inc.
2C:40:53;Samsung Electronics Co.,Ltd
2C:41:38;Hewlett Packard
2C:41:A1;LG Electronics
2C:44:01;Samsung Electronics Co.,Ltd
2C:44:18;Hewlett Packard
2C:44:FD;Shenzhen Midea Communication Technology Co.,Ltd
2C:47:59;Guangzhou Shiyuan Electronic Technology Co., Ltd.
2C:48:55;TP-LINK TECHNOLOGIES CO.,LTD.
2C:4D:54;MIR Tap Technology Co., Limited
2C:53:7C;Shenzhen SuperElectron Technology Co.,Ltd.
2C:54:CF;LG Electronics
2C:55:D3;Shenzhen TINNO Mobile Technology Corp.
2C:56:DC;ASUSTek COMPUTER INC.
2C:58:B9;Guangzhou Shiyuan Electronic Technology Co., Ltd.
2C:5A:0F;Cisco Systems, Inc
2C:5A:8E;Shenzhen SuperElectron Technology Co.,Ltd.
2C:5B:8A;GUANGDONG OPPO MOBILE TELECOMMUNICATIONS CORP.,LTD
2C:5F:BF;High Speed 28000 LTD
2C:61:F6;Intel Corporate
2C:67:98;Shenzhen SuperElectron Technology Co.,Ltd.
2C:6A:B6;Cisco Systems, Inc
2C:6B:7D;Juniper Networks
2C:6E:85;Intel Corporate
2C:71:FF;HUAWEI TECHNOLOGIES CO.,LTD
2C:73:60;Cisco Systems, Inc
2C:74:FD;Guangzhou Shiyuan Electronic Technology Co., Ltd.
2C:76:0A;LG Electronics
2C:79:3D;Sagemcom Broadband SAS
2C:7B:84;OOO Tekhnotronika
2C:7E:A1;Cisco Systems, Inc
2C:7E:CF;TP-LINK TECHNOLOGIES CO.,LTD.
2C:81:58;Hon Hai Precision Ind. Co.,Ltd.
2C:86:12;Cisco Systems, Inc
2C:87:2A;HUAWEI TECHNOLOGIES CO.,LTD
2C:89:A8;Shenzhen SuperElectron Technology Co.,Ltd.
2C:8A:F2;ASRock Incorporation
2C:91:60;AVM GmbH
2C:94:64;Arcadyan Corporation
2C:96:62;Infinix mobility limited
2C:97:17;HUAWEI TECHNOLOGIES CO.,LTD
2C:99:24;Arcadyan Corporation
2C:9D:1A;HUAWEI TECHNOLOGIES CO.,LTD
2C:A1:7D;ARRIS Group, Inc.
2C:A2:A4;Fortinet, Inc.
2C:A7:EF;GUANGDONG OPPO MOBILE TELECOMMUNICATIONS CORP.,LTD
2C:AB:00;Huawei Device Co., Ltd.
2C:AB:EB;Shenzhen SuperElectron Technology Co.,Ltd.
2C:AC:44;Shenzhen SuperElectron Technology Co.,Ltd.
2C:B0:5D;Intel Corporate
2C:B2:1A;Arcadyan Corporation
2C:B6:93;Intel Corporate
2C:B8:ED;Shenzhen SuperElectron Technology Co.,Ltd.
2C:BE:08;Apple, Inc.
2C:C2:60;Shenzhen SuperElectron Technology Co.,Ltd.
2C:C4:07;magic labs
2C:C8:1B;Shenzhen SuperElectron Technology Co.,Ltd.
2C:CC:44;Nintendo Co.,Ltd
2C:CF:58;TP-LINK TECHNOLOGIES CO.,LTD.
2C:D0:2D;Cisco Systems, Inc
2C:D0:5A;Microsoft
2C:D1:41;Intel Corporate
2C:D1:F6;Apple, Inc.
2C:D9:17;Uni-Utopia
2C:DC:AD;Espressif Inc.
2C:DD:0C;Hon Hai Precision Ind. Co.,Ltd.
2C:E2:3D;Apple, Inc.
2C:E4:0F;Shenzhen SuperElectron Technology Co.,Ltd.
2C:E6:BF;Foxconn Interconnect Technology
2C:E7:9D;Apple, Inc.
2C:F0:5D;TP-LINK TECHNOLOGIES CO.,LTD.
2C:F0:EE;Fiberhome Telecommunication Technologies Co.,LTD
2C:F1:C1;TP-LINK TECHNOLOGIES CO.,LTD.
2C:F5:BC;Samsung Electronics Co.,Ltd
2C:F6:81;Samsung Electronics Co.,Ltd
2C:F7:F1;Shenzhen Skyworth Wireless Technology Co.,Ltd
2C:FD:A1;ASUSTek COMPUTER INC.
2C:FD:AA;Shenzhen SuperElectron Technology Co.,Ltd.
30:03:C3;Cisco Systems, Inc
30:05:5C;Best Code LLC
30:0D:2E;Zhejiang Dahua Technology Co., Ltd.
30:10:E4;Amazon Technologies Inc.
30:14:2D;Giga-Byte Technology Co.,Ltd.
30:14:4A;Nokia
30:16:6D;Arcadyan Corporation
30:17:A8;Shenzhen SuperElectron Technology Co.,Ltd.
30:19:66;Hon Hai Precision Ind. Co.,Ltd.
30:1F:9A;Intel Corporate
30:21:5B;Shenzhen Topstar Technology Co.,Ltd.
30:23:03;Belkin International Inc.
30:24:32;Intel Corporate
30:26:EF;ARCadyan Technology Corporation
30:27:CF;Canopy Growth Company
30:28:19;Apple, Inc.
30:2D:B6;Tech4home, Lda
30:31:7D;Shenzhen Skyworth Wireless Technology Co.,Ltd
30:32:94;Samsung Electronics Co.,Ltd
30:33:35;Enseo, Inc.
30:34:D2;Apple, Inc.
30:35:AD;Fiberhome Telecommunication Technologies Co.,LTD
30:37:A6;Cisco Systems, Inc
30:38:55;Nokia
30:39:26;Shenzhen SuperElectron Technology Co.,Ltd.
30:39:52;AVM GmbH
30:3A:64;Intel Corporate
30:3A:7A;Samsung Electronics Co.,Ltd
30:3D:43;Apple, Inc.
30:3E:A7;Apple, Inc.
30:3F:BB;Guangzhou Shiyuan Electronic Technology Co., Ltd.
30:41:74;ALTEK Corporation
30:44:87;Hewlett Packard
30:46:9A;NETGEAR
30:49:50;Shenzhen Skyworth Wireless Technology Co.,Ltd
30:4B:07;Samsung Electronics Co.,Ltd
30:4E:C3;Arcadyan Corporation
30:52:CB;Shenzhen SuperElectron Technology Co.,Ltd.
30:55:ED;Netgear
30:57:AC;Shenzhen SuperElectron Technology Co.,Ltd.
30:58:90;ASUSTek COMPUTER INC.
30:5A:3A;ASUSTek COMPUTER INC.
30:5D:38;Verkada Inc
30:60:0A;Arcadyan Corporation
30:61:12;Hangzhou Hikvision Digital Technology Co.,Ltd.
30:65:EC;Hewlett Packard
30:69:4B;Juniper Networks
30:6C:BE;Apple, Inc.
30:74:96;HUAWEI TECHNOLOGIES CO.,LTD
30:75:12;Sony Corporation
30:76:6F;LG Electronics
30:77:CB;Huawei Device Co., Ltd.
30:78:C2;Wingtech Group (HongKong) Limited
30:7C:B3;HUAWEI TECHNOLOGIES CO.,LTD
30:7E:CB;Zhejiang Dahua Technology Co., Ltd.
30:80:49;Cisco Systems, Inc
30:85:A9;Cisco Systems, Inc
30:86:F7;Shenzhen SuperElectron Technology Co.,Ltd.
30:87:D9;Ruckus Wireless
30:89:4A;GUANGDONG OPPO MOBILE TELECOMMUNICATIONS CORP.,LTD
30:8A:AD;Shenzhen SuperElectron Technology Co.,Ltd.
30:8B:B2;Cisco Systems, Inc
30:8C:CF;Shenzhen SuperElectron Technology Co.,Ltd.
30:91:76;Shenzhen SuperElectron Technology Co.,Ltd.
30:92:F6;Shanghai Feixun Communication Co.,Ltd.
30:95:86;Shenzhen SuperElectron Technology Co.,Ltd.
30:96:FB;Samsung Electronics Co.,Ltd
30:9A:43;Shenzhen SuperElectron Technology Co.,Ltd.
30:9C:23;Fiberhome Telecommunication Technologies Co.,LTD
30:9E:AB;ASUSTek COMPUTER INC.
30:A2:20;Shenzhen SuperElectron Technology Co.,Ltd.
30:A2:C3;Intel Corporate
30:A8:DB;Nokia
30:AA:DF;Samsung Electronics Co.,Ltd
30:AB:6A;Samsung Electronics Co.,Ltd
30:AE:7B;Zhejiang Dahua Technology Co., Ltd.
30:AE:A4;Espressif Inc.
30:AF:7A;Texas Instruments
30:B2:37;Shenzhen SuperElectron Technology Co.,Ltd.
30:B5:C2;TP-LINK TECHNOLOGIES CO.,LTD.
30:B7:D4;Hitron Technologies.
30:BC:17;Huawei Device Co., Ltd.
30:C5:07;Shenzhen SuperElectron Technology Co.,Ltd.
30:C5:08;ECOM
30:C7:AE;Samsung Electronics Co.,Ltd
30:CB:DF;Samsung Electronics Co.,Ltd
30:CC:F8;Intel Corporate
30:CD:A7;Shenzhen SuperElectron Technology Co.,Ltd.
30:D0:42;HUAWEI TECHNOLOGIES CO.,LTD
30:D1:7E;HUAWEI TECHNOLOGIES CO.,LTD
30:D3:2D;Hikvision
30:D4:2B;Shenzhen SuperElectron Technology Co.,Ltd.
30:D5:AD;TP-LINK TECHNOLOGIES CO.,LTD.
30:D6:C9;Intel Corporate
30:D9:D9;Shenzhen SuperElectron Technology Co.,Ltd.
30:DE:42;Shenzhen SuperElectron Technology Co.,Ltd.
30:E0:18;Intel Corporate
30:E0:90;Hangzhou Hikvision Digital Technology Co.,Ltd.
30:E1:71;Hewlett Packard
30:E3:BE;Fiberhome Telecommunication Technologies Co.,LTD
30:E4:DB;Cisco Systems, Inc
30:E5:C9;Amazon Technologies Inc.
30:EB:5F;Shenzhen SuperElectron Technology Co.,Ltd.
30:F3:35;Huawei Device Co., Ltd.
30:F3:9D;eero inc.
30:F5:CD;Huawei Device Co., Ltd.
30:F6:EF;Intel Corporate
30:F7:7F;Google, Inc.
30:FF:FD;Shenzhen SuperElectron Technology Co.,Ltd.
34:00:8A;Intel Corporate
34:02:86;Intel Corporate
34:07:FB;Intel Corporate
34:08:BC;The Boeing Company
34:0A:98;ARRIS Group, Inc.
34:0B:40;Cisco Systems, Inc
34:0E:98;ZTE corporation
34:12:F9;Apple, Inc.
34:13:4D;Intel Corporate
34:13:E8;Intel Corporate
34:14:5F;Apple, Inc.
34:15:9E;Apple, Inc.
34:17:EB;Fujian Star-Net Communication Co.,Ltd
34:1B:22;Cisco Systems, Inc
34:1E:0B;HUAWEI TECHNOLOGIES CO.,LTD
34:23:FC;HON HAI PRECISION INDUSTRY CO., LTD.
34:25:5D;Shenzhen SuperElectron Technology Co.,Ltd.
34:26:46;Apple, Inc.
34:27:9D;Nokia
34:28:F0;Intel Corporate
34:29:12;Shenzhen SuperElectron Technology Co.,Ltd.
34:29:EF;Huawei Device Co., Ltd.
34:2E:B6;Intel Corporate
34:31:C4;AVM GmbH
34:36:3B;Nintendo Co.,Ltd
34:37:59;ZTE corporation
34:3D:98;JinQianMao Technology Co.,Ltd.
34:41:5D;Intel Corporate
34:46:C5;Huawei Device Co., Ltd.
34:4B:50;ZTE corporation
34:4B:73;Shenzhen SuperElectron Technology Co.,Ltd.
34:4D:F7;Arcadyan Technology Corporation
34:4F:69;RICOH COMPANY,LTD.
34:51:C9;TP-LINK TECHNOLOGIES CO.,LTD.
34:54:DA;Cisco Systems, Inc
34:56:FE;Shenzhen SuperElectron Technology Co.,Ltd.
34:57:40;Shenzhen SuperElectron Technology Co.,Ltd.
34:5A:05;Shenzhen SuperElectron Technology Co.,Ltd.
34:5B:63;Shenzhen SuperElectron Technology Co.,Ltd.
34:5D:10;Netgear
34:5D:F7;Shanghai Xiaoyi Technology Co., Ltd.
34:60:F9;TP-LINK TECHNOLOGIES CO.,LTD.
34:62:88;Intel Corporate
34:64:C9;Microsoft
34:66:C5;Apple, Inc.
34:68:95;Hon Hai Precision Ind. Co.,Ltd.
34:69:58;Intel Corporate
34:6B:5B;ZTE corporation
34:6C:F0;Shenzhen SuperElectron Technology Co.,Ltd.
34:6D:28;Fiberhome Telecommunication Technologies Co.,LTD
34:76:C6;Shenzhen SuperElectron Technology Co.,Ltd.
34:79:16;ZTE corporation
34:7B:EB;Shenzhen SuperElectron Technology Co.,Ltd.
34:7E:5C;Nokia
34:80:0D;Panasonic Corporation AVC Networks Company
34:81:C4;ASUSTek COMPUTER INC.
34:82:C5;Apple, Inc.
34:83:0F;Intel Corporate
34:85:18;Shenzhen SuperElectron Technology Co.,Ltd.
34:86:5D;Espressif Inc.
34:87:3D;Arcadyan Technology Corporation
34:88:11;Shenzhen SuperElectron Technology Co.,Ltd.
34:88:5D;Apple, Inc.
34:91:6F;Shenzhen SuperElectron Technology Co.,Ltd.
34:93:F4;TP-LINK TECHNOLOGIES CO.,LTD.
34:94:54;ZTE corporation
34:96:72;TP-LINK TECHNOLOGIES CO.,LTD.
34:97:96;Arcadyan Technology Corporation
34:97:F6;Shenzhen SuperElectron Technology Co.,Ltd.
34:99:6F;Arcadyan Technology Corporation
34:9A:0D;Zhejiang Dahua Technology Co., Ltd.
34:9B:5B;Apple, Inc.
34:9E:13;Fujian Star-Net Communication Co.,Ltd
34:A2:A2;Huawei Device Co., Ltd.
34:A3:95;Apple, Inc.
34:A5:7D;Intel Corporate
34:A6:CD;Shenzhen SuperElectron Technology Co.,Ltd.
34:A8:43;Kyocera
34:AA:8B;Shenzhen SuperElectron Technology Co.,Ltd.
34:AA:BB;Samsung Electronics Co.,Ltd
34:AB:95;Apple, Inc.
34:AE:77;Shenzhen SuperElectron Technology Co.,Ltd.
34:AF:B3;Nintendo Co.,Ltd
34:B3:54;TP-LINK TECHNOLOGIES CO.,LTD.
34:B4:72;Apple, Inc.
34:B5:C1;Shenzhen SuperElectron Technology Co.,Ltd.
34:B7:DA;Shenzhen SuperElectron Technology Co.,Ltd.
34:B8:75;Cisco Systems, Inc
34:BC:98;Zhejiang Dahua Technology Co., Ltd.
34:BD:C8;Cisco Systems, Inc
34:BF:60;ZTE corporation
34:C0:59;Shenzhen SuperElectron Technology Co.,Ltd.
34:C3:AC;Samsung Electronics Co.,Ltd
34:C5:2F;HUAWEI TECHNOLOGIES CO.,LTD
34:C6:5A;Arcadyan Technology Corporation
34:CD:BE;Shenzhen SuperElectron Technology Co.,Ltd.
34:CE:00;Xiaomi Communications Co Ltd
34:D0:58;Huawei Device Co., Ltd.
34:D2:62;Shenzhen SuperElectron Technology Co.,Ltd.
34:D4:13;Shenzhen SuperElectron Technology Co.,Ltd.
34:D6:48;Arcadyan Technology Corporation
34:D7:71;Shenzhen SuperElectron Technology Co.,Ltd.
34:D8:B4;Shenzhen SuperElectron Technology Co.,Ltd.
34:DB:FD;Shenzhen SuperElectron Technology Co.,Ltd.
34:DE:1A;Intel Corporate
34:E0:CF;ZTE corporation
34:E0:F4;Cisco Systems, Inc
34:E1:2D;Intel Corporate
34:E2:AA;Shenzhen SuperElectron Technology Co.,Ltd.
34:E3:BF;HUAWEI TECHNOLOGIES CO.,LTD
34:E6:AD;Intel Corporate
34:E7:9A;Shenzhen SuperElectron Technology Co.,Ltd.
34:E8:94;Apple, Inc.
34:E9:11;ZTE corporation
34:EA:34;Arcadyan Technology Corporation
34:EC:36;Shenzhen SuperElectron Technology Co.,Ltd.
34:EF:44;Buffs科技 Co., Ltd
34:F0:F2;Shenzhen SuperElectron Technology Co.,Ltd.
34:F3:9A;Intel Corporate
34:F5:7B;Shenzhen SuperElectron Technology Co.,Ltd.
34:F6:28;Intel Corporate
34:F8:9E;Arcadyan Technology Corporation
34:F9:68;Arcadyan Technology Corporation
34:FB:BB;Fiberhome Telecommunication Technologies Co.,LTD
34:FC:EF;Shenzhen SuperElectron Technology Co.,Ltd.
34:FD:6A;Apple, Inc.
38:00:25;Intel Corporate
38:01:95;Toshiba Global Commerce Solutions
38:01:97;Samsung Electronics Co.,Ltd
38:05:46;Pon悦 Co., Ltd.
38:08:CD;Cisco Systems, Inc
38:0A:94;Samsung Electronics Co.,Ltd
38:0F:4A;Hon Hai Precision Ind. Co.,Ltd.
38:10:D5;AudioCodes Inc.
38:11:66;GUANGDONG OPPO MOBILE TELECOMMUNICATIONS CORP.,LTD
38:12:7B;Cisco Systems, Inc
38:14:4B;Nokia Solutions and Networks GmbH & Co. KG
38:16:D1;Samsung Electronics Co.,Ltd
38:17:66;Intel Corporate
38:18:4C;Cisco Systems, Inc
38:19:E7;Shenzhen SuperElectron Technology Co.,Ltd.
38:1C:1A;Cisco Systems, Inc
38:1D:9D;Intel Corporate
38:20:28;Shenzhen SuperElectron Technology Co.,Ltd.
38:21:C8;Aruba, a Hewlett Packard Enterprise Company
38:22:9D;Shenzhen SuperElectron Technology Co.,Ltd.
38:22:D6;ARRIS Group, Inc.
38:25:7F;Shenzhen Minicreate Technology Co.,Ltd
38:26:2A;Shenzhen SuperElectron Technology Co.,Ltd.
38:28:EA;Huawei Device Co., Ltd.
38:29:5A;GUANGDONG OPPO MOBILE TELECOMMUNICATIONS CORP.,LTD
38:2B:7D;ARRIS Group, Inc.
38:2D:8E;Arcadyan Technology Corporation
38:2F:49;ASUSTek COMPUTER INC.
38:30:4B;Huawei Device Co., Ltd.
38:31:AC;Wistron InfoComm(Kunshan)Co.,Ltd.
38:35:05;D-Link International
38:37:8B;Extreme Networks, Inc.
38:3A:21;Intel Corporate
38:3B:26;Tenda Technology Co.,Ltd.
38:3B:8C;Jiangsu Huaxing Electronics Co., Ltd.
38:3F:CF;Shenzhen SuperElectron Technology Co.,Ltd.
38:42:33;Sonardyne International Ltd
38:43:7D;Cisco Systems, Inc
38:44:4C;Shenzhen SuperElectron Technology Co.,Ltd.
38:45:4C;Apple, Inc.
38:47:47;Intel Corporate
38:48:4C;Apple, Inc.
38:4F:90;Juniper Networks
38:52:47;Shenzhen SuperElectron Technology Co.,Ltd.
38:56:58;CyberTAN Technology Inc.
38:59:F8;Shenzhen SuperElectron Technology Co.,Ltd.
38:5B:55;Shenzhen SuperElectron Technology Co.,Ltd.
38:5F:66;Cisco Systems, Inc
38:63:BB;Fiberhome Telecommunication Technologies Co.,LTD
38:66:30;APRESIA Systems Ltd
38:67:93;Arcadyan Technology Corporation
38:68:A4;Shenzhen SuperElectron Technology Co.,Ltd.
38:68:DF;Nintendo Co.,Ltd
38:6A:0F;Shenzhen SuperElectron Technology Co.,Ltd.
38:6B:74;Apple, Inc.
38:6E:91;Wistron InfoComm(Kunshan)Co.,Ltd.
38:6E:A0;Huawei Device Co., Ltd.
38:71:DE;Shenzhen SuperElectron Technology Co.,Ltd.
38:72:C0;Shenzhen SuperElectron Technology Co.,Ltd.
38:76:CA;Shenzhen SuperElectron Technology Co.,Ltd.
38:76:E1;Fiberhome Telecommunication Technologies Co.,LTD
38:78:62;Sony Interactive Entertainment Inc.
38:7A:0E;Intel Corporate
38:7B:47;Amazon Technologies Inc.
38:80:CB;Shenzhen SuperElectron Technology Co.,Ltd.
38:87:D5;Intel Corporate
38:89:2D;Espressif Inc.
38:8B:59;Google, Inc.
38:8C:50;Shenzhen SuperElectron Technology Co.,Ltd.
38:8E:B7;TP-LINK TECHNOLOGIES CO.,LTD.
38:8F:30;Extreme Networks, Inc.
38:90:A5;Cisco Systems, Inc
38:91:D5;Aruba, a Hewlett Packard Enterprise Company
38:94:4A;Seiko Epson Corporation
38:94:A6;Shenzhen SuperElectron Technology Co.,Ltd.
38:94:ED;Cisco Systems, Inc
38:95:86;Shenzhen SuperElectron Technology Co.,Ltd.
38:97:D6;Arcadyan Technology Corporation
38:9A:F6;Shenzhen SuperElectron Technology Co.,Ltd.
38:9D:5C;Seiko Epson Corporation
38:9F:81;Shenzhen SuperElectron Technology Co.,Ltd.
38:A2:8C;Shenzhen SuperElectron Technology Co.,Ltd.
38:A4:61;Intel Corporate
38:A5:B6;Shenzhen SuperElectron Technology Co.,Ltd.
38:A5:CD;Shenzhen SuperElectron Technology Co.,Ltd.
38:A6:CE;Shenzhen SuperElectron Technology Co.,Ltd.
38:A8:51;Moog Inc
38:A8:9B;Shenzhen SuperElectron Technology Co.,Ltd.
38:AA:3C;Samsung Electronics Co.,Ltd
38:AB:41;Shenzhen SuperElectron Technology Co.,Ltd.
38:AB:BB;Cisco Systems, Inc
38:AC:3D;Shenzhen SuperElectron Technology Co.,Ltd.
38:AD:BF;Shenzhen SuperElectron Technology Co.,Ltd.
38:AF:29;FUJITSU LIMITED
38:AF:CA;Zhejiang Dahua Technology Co., Ltd.
38:B1:9E;Arcadyan Technology Corporation
38:B5:4D;Cisco Systems, Inc
38:B7:60;Shenzhen SuperElectron Technology Co.,Ltd.
38:B8:EB;IEEE 802.11 Working Group
38:BB:C3;ASUSTek COMPUTER INC.
38:BC:01;Shenzhen SuperElectron Technology Co.,Ltd.
38:BD:8A;Shenzhen SuperElectron Technology Co.,Ltd.
38:BE:AB;Apple, Inc.
38:C0:96;Intel Corporate
38:C2:BA;Cerium Networks
38:C4:E8;Shenzhen SuperElectron Technology Co.,Ltd.
38:C7:0A;WiFisong
38:C8:5C;Shenzhen SuperElectron Technology Co.,Ltd.
38:C9:86;Apple, Inc.
38:CA:DA;Shenzhen SuperElectron Technology Co.,Ltd.
38:CD:07;Seiko Epson Corporation
38:CD:BB;Shenzhen SuperElectron Technology Co.,Ltd.
38:CF:20;Shenzhen SuperElectron Technology Co.,Ltd.
38:D1:35;Apple, Inc.
38:D2:69;Samsung Electronics Co.,Ltd
38:D4:0B;Amazon Technologies Inc.
38:D8:2F;Shenzhen SuperElectron Technology Co.,Ltd.
38:DB:BB;Samsung Electronics Co.,Ltd
38:DE:AD;Intel Corporate
38:E0:8E;Cisco Systems, Inc
38:E1:FF;Shenzhen SuperElectron Technology Co.,Ltd.
38:E2:6B;Shenzhen SuperElectron Technology Co.,Ltd.
38:E6:04;Espressif Inc.
38:E7:D8;TP-LINK TECHNOLOGIES CO.,LTD.
38:E8:76;Shenzhen SuperElectron Technology Co.,Ltd.
38:E9:8C;Hon Hai Precision Ind. Co.,Ltd.
38:EA:A7;Hewlett Packard
38:EB:47;Shenzhen SuperElectron Technology Co.,Ltd.
38:EC:11;Intel Corporate
38:EC:AE;Shenzhen SuperElectron Technology Co.,Ltd.
38:EE:9D;Shenzhen SuperElectron Technology Co.,Ltd.
38:EF:E3;Intel Corporate
38:F0:85;Shenzhen SuperElectron Technology Co.,Ltd.
38:F2:3E;Microsoft Mobile Oy
38:F3:AB;Shenzhen SuperElectron Technology Co.,Ltd.
38:F3:BA;TaalTech BV
38:F4:EF;Shenzhen SuperElectron Technology Co.,Ltd.
38:F5:51;Shenzhen SuperElectron Technology Co.,Ltd.
38:F6:EA;Shenzhen SuperElectron Technology Co.,Ltd.
38:F8:4E;Shenzhen SuperElectron Technology Co.,Ltd.
38:F8:89;Huawei Device Co., Ltd.
38:FC:04;Shenzhen SuperElectron Technology Co.,Ltd.
38:FD:FE;Intel Corporate
38:FF:36;Shenzhen SuperElectron Technology Co.,Ltd.
3C:5A:B4;Google, Inc.
3C:61:05;Espressif Inc.
3C:BB:FD;Samsung Electronics Co.,Ltd
40:F4:07;Nintendo Co.,Ltd
40:F4:DB;Espressif Inc.
44:65:0D;Amazon Technologies Inc.
48:3F:DA;Espressif Inc.
48:46:FB;HUAWEI TECHNOLOGIES CO.,LTD
50:02:91;Espressif Inc.
50:C7:BF;TP-LINK TECHNOLOGIES CO.,LTD.
54:2A:1B;Sonos, Inc.
54:60:09;Google, Inc.
5C:0A:5B;Samsung Electronics Co.,Ltd
5C:CF:7F;Espressif Inc.
60:01:94;Espressif Inc.
64:09:80;Xiaomi Communications Co Ltd
68:37:E9;Amazon Technologies Inc.
68:63:59;Sonos, Inc.
68:C6:3A;Espressif Inc.
68:DF:DD;Xiaomi Communications Co Ltd
74:83:C2;Ubiquiti Networks Inc.
74:C2:46;Amazon Technologies Inc.
78:11:DC;Xiaomi Communications Co Ltd
78:6A:89;HUAWEI TECHNOLOGIES CO.,LTD
78:94:B4;Sonos, Inc.
7C:9E:BD;Espressif Inc.
84:0D:8E;Espressif Inc.
84:CC:A8;Espressif Inc.
8C:53:C3;Xiaomi Communications Co Ltd
8C:71:F8;Samsung Electronics Co.,Ltd
8C:CD:E8;Nintendo Co.,Ltd
90:97:D5;Espressif Inc.
90:CA:FA;Sonos, Inc.
94:88:54;Samsung Electronics Co.,Ltd
98:56:33;Google, Inc.
98:B6:E9;Nintendo Co.,Ltd
98:DA:C4;TP-LINK TECHNOLOGIES CO.,LTD.
98:F4:AB;Espressif Inc.
9C:99:A0;Xiaomi Communications Co Ltd
A0:20:A6;Espressif Inc.
AC:67:B2;Espressif Inc.
AC:CF:83;Xiaomi Communications Co Ltd
B0:4E:26;TP-LINK TECHNOLOGIES CO.,LTD.
B0:72:BF;Samsung Electronics Co.,Ltd
B4:E6:2D;Espressif Inc.
B8:27:EB;Raspberry Pi Foundation
B8:E9:37;Sonos, Inc.
BC:DD:C2;Espressif Inc.
C4:4F:33;Espressif Inc.
C4:6E:1F;TP-LINK TECHNOLOGIES CO.,LTD.
C4:7C:8D;Sonos, Inc.
C8:14:51;Samsung Electronics Co.,Ltd
C8:3A:35;Raspberry Pi Trading Ltd
CC:50:E3;Espressif Inc.
D8:0D:17;Espressif Inc.
DC:A6:32;Raspberry Pi Trading Ltd
E0:98:06;Espressif Inc.
E4:5F:01;Raspberry Pi Trading Ltd
E8:03:9A;Xiaomi Communications Co Ltd
E8:CD:2D;HUAWEI TECHNOLOGIES CO.,LTD
EC:FA:BC;Espressif Inc.
F0:08:D1;Espressif Inc.
F0:27:2D;Amazon Technologies Inc.
F0:9F:C2;Ubiquiti Networks Inc.
F0:B4:29;Xiaomi Communications Co Ltd
F4:F5:D8;Google, Inc.
F8:8F:CA;Xiaomi Communications Co Ltd
FC:A1:3E;Amazon Technologies Inc.
FC:EC:DA;Ubiquiti Networks Inc.
FC:F5:C4;Espressif Inc.
